{
  "x": 1117.2166748046875,
  "y": 19.5,
  "width": 127.76667785644533,
  "height": 17
}